timestamp,device,event,detail,x,y
1760445136.504018,mouse,move,,847.0,727.0
1760445136.5109324,mouse,move,,846.0,727.0
1760445136.5237153,mouse,move,,846.0,727.0
1760445136.5438402,mouse,move,,845.0,727.0
1760445136.555983,mouse,move,,844.0,727.0
1760445136.6278653,mouse,move,,844.0,727.0
1760445136.6309505,mouse,move,,844.0,726.0
1760445136.6359649,mouse,move,,843.0,726.0
1760445136.6596425,mouse,move,,842.0,726.0
1760445136.66379,mouse,move,,841.0,726.0
1760445136.6675127,mouse,move,,841.0,727.0
1760445136.6717396,mouse,move,,839.0,727.0
1760445136.6757371,mouse,move,,838.0,729.0
1760445136.679262,mouse,move,,837.0,731.0
1760445136.6839585,mouse,move,,837.0,732.0
1760445136.6874287,mouse,move,,836.0,733.0
1760445136.6915677,mouse,move,,835.0,735.0
1760445136.695675,mouse,move,,834.0,736.0
1760445136.6999776,mouse,move,,833.0,737.0
1760445136.7030728,mouse,move,,833.0,738.0
1760445136.7075806,mouse,move,,832.0,739.0
1760445136.7115884,mouse,move,,831.0,740.0
1760445136.7152827,mouse,move,,830.0,742.0
1760445136.7193685,mouse,move,,829.0,744.0
1760445136.7234306,mouse,move,,828.0,745.0
1760445136.7269516,mouse,move,,827.0,747.0
1760445136.7310195,mouse,move,,827.0,749.0
1760445136.735224,mouse,move,,825.0,750.0
1760445136.7393544,mouse,move,,824.0,752.0
1760445136.7435646,mouse,move,,822.0,755.0
1760445136.74723,mouse,move,,821.0,758.0
1760445136.7517464,mouse,move,,819.0,762.0
1760445136.755863,mouse,move,,818.0,764.0
1760445136.7599487,mouse,move,,816.0,768.0
1760445136.7631526,mouse,move,,815.0,772.0
1760445136.7673237,mouse,move,,813.0,775.0
1760445136.771844,mouse,move,,812.0,779.0
1760445136.7751093,mouse,move,,810.0,782.0
1760445136.7797382,mouse,move,,809.0,785.0
1760445136.7832558,mouse,move,,808.0,789.0
1760445136.7871313,mouse,move,,806.0,793.0
1760445136.7913113,mouse,move,,805.0,797.0
1760445136.7958739,mouse,move,,804.0,801.0
1760445136.7995262,mouse,move,,803.0,805.0
1760445136.8030338,mouse,move,,801.0,809.0
1760445136.8070486,mouse,move,,800.0,813.0
1760445136.81157,mouse,move,,798.0,817.0
1760445136.8150852,mouse,move,,797.0,821.0
1760445136.8195987,mouse,move,,795.0,825.0
1760445136.8236148,mouse,move,,794.0,829.0
1760445136.8272498,mouse,move,,792.0,835.0
1760445136.8318987,mouse,move,,791.0,839.0
1760445136.8349044,mouse,move,,789.0,843.0
1760445136.8395424,mouse,move,,788.0,847.0
1760445136.8431613,mouse,move,,787.0,850.0
1760445136.847785,mouse,move,,786.0,854.0
1760445136.8518,mouse,move,,785.0,858.0
1760445136.855749,mouse,move,,783.0,862.0
1760445136.8597453,mouse,move,,782.0,866.0
1760445136.862765,mouse,move,,781.0,870.0
1760445136.8674486,mouse,move,,779.0,874.0
1760445136.8711553,mouse,move,,778.0,878.0
1760445136.8758092,mouse,move,,777.0,882.0
1760445136.879824,mouse,move,,775.0,886.0
1760445136.8833497,mouse,move,,774.0,890.0
1760445136.8877475,mouse,move,,773.0,894.0
1760445136.890761,mouse,move,,771.0,898.0
1760445136.8950903,mouse,move,,770.0,901.0
1760445136.8989654,mouse,move,,769.0,904.0
1760445136.9037461,mouse,move,,768.0,908.0
1760445136.9069753,mouse,move,,766.0,912.0
1760445136.9115577,mouse,move,,765.0,916.0
1760445136.915748,mouse,move,,763.0,920.0
1760445136.9197624,mouse,move,,761.0,924.0
1760445136.9237444,mouse,move,,759.0,929.0
1760445136.9272683,mouse,move,,756.0,931.0
1760445136.9317243,mouse,move,,754.0,934.0
1760445136.9357219,mouse,move,,752.0,936.0
1760445136.939871,mouse,move,,751.0,937.0
1760445136.9433827,mouse,move,,750.0,938.0
1760445136.9475167,mouse,move,,749.0,938.0
1760445136.9515166,mouse,move,,748.0,939.0
1760445136.9556353,mouse,move,,748.0,939.0
1760445136.959159,mouse,move,,747.0,940.0
1760445136.9636877,mouse,move,,746.0,940.0
1760445136.9666822,mouse,move,,745.0,940.0
1760445136.971264,mouse,move,,743.0,940.0
1760445136.9758427,mouse,move,,741.0,940.0
1760445136.9793518,mouse,move,,739.0,940.0
1760445136.9833617,mouse,move,,736.0,940.0
1760445136.9878864,mouse,move,,734.0,940.0
1760445136.9914064,mouse,move,,730.0,940.0
1760445136.9959283,mouse,move,,726.0,940.0
1760445136.9990232,mouse,move,,722.0,938.0
1760445137.003608,mouse,move,,715.0,935.0
1760445137.0071306,mouse,move,,707.0,932.0
1760445137.0111454,mouse,move,,700.0,928.0
1760445137.0157459,mouse,move,,691.0,923.0
1760445137.0197945,mouse,move,,684.0,919.0
1760445137.0238101,mouse,move,,674.0,914.0
1760445137.0276098,mouse,move,,665.0,909.0
1760445137.0319693,mouse,move,,658.0,904.0
1760445137.0356948,mouse,move,,649.0,899.0
1760445137.0390875,mouse,move,,640.0,893.0
1760445137.0432494,mouse,move,,631.0,888.0
1760445137.0477479,mouse,move,,622.0,883.0
1760445137.051747,mouse,move,,612.0,876.0
1760445137.0550559,mouse,move,,605.0,870.0
1760445137.0592027,mouse,move,,597.0,864.0
1760445137.063358,mouse,move,,589.0,856.0
1760445137.0675068,mouse,move,,582.0,850.0
1760445137.0717473,mouse,move,,574.0,840.0
1760445137.0757613,mouse,move,,567.0,833.0
1760445137.079415,mouse,move,,561.0,823.0
1760445137.0836556,mouse,move,,556.0,814.0
1760445137.0872507,mouse,move,,552.0,804.0
1760445137.0917592,mouse,move,,546.0,795.0
1760445137.0957527,mouse,move,,543.0,786.0
1760445137.0989366,mouse,move,,539.0,775.0
1760445137.1024606,mouse,move,,535.0,766.0
1760445137.107478,mouse,move,,532.0,758.0
1760445137.1114848,mouse,move,,530.0,750.0
1760445137.1149988,mouse,move,,527.0,742.0
1760445137.1185055,mouse,move,,526.0,733.0
1760445137.1237154,mouse,move,,525.0,724.0
1760445137.1272264,mouse,move,,524.0,717.0
1760445137.1311204,mouse,move,,524.0,711.0
1760445137.135117,mouse,move,,524.0,702.0
1760445137.1396742,mouse,move,,524.0,695.0
1760445137.1438203,mouse,move,,524.0,687.0
1760445137.1479416,mouse,move,,524.0,679.0
1760445137.1512032,mouse,move,,524.0,669.0
1760445137.155703,mouse,move,,524.0,659.0
1760445137.1595016,mouse,move,,524.0,648.0
1760445137.1635327,mouse,move,,527.0,638.0
1760445137.1677575,mouse,move,,528.0,629.0
1760445137.1717474,mouse,move,,531.0,619.0
1760445137.1747649,mouse,move,,533.0,609.0
1760445137.1792846,mouse,move,,536.0,600.0
1760445137.183891,mouse,move,,538.0,590.0
1760445137.1875336,mouse,move,,541.0,581.0
1760445137.1905327,mouse,move,,545.0,572.0
1760445137.1957004,mouse,move,,550.0,561.0
1760445137.1997476,mouse,move,,556.0,552.0
1760445137.2032995,mouse,move,,563.0,543.0
1760445137.2078402,mouse,move,,570.0,534.0
1760445137.2109509,mouse,move,,576.0,524.0
1760445137.2150779,mouse,move,,583.0,515.0
1760445137.2196736,mouse,move,,591.0,506.0
1760445137.2236974,mouse,move,,598.0,498.0
1760445137.2277467,mouse,move,,608.0,490.0
1760445137.2315612,mouse,move,,616.0,481.0
1760445137.2357185,mouse,move,,625.0,472.0
1760445137.239716,mouse,move,,636.0,463.0
1760445137.2438998,mouse,move,,648.0,455.0
1760445137.2477474,mouse,move,,661.0,447.0
1760445137.2508795,mouse,move,,673.0,439.0
1760445137.2549946,mouse,move,,687.0,432.0
1760445137.2596543,mouse,move,,699.0,423.0
1760445137.2639198,mouse,move,,712.0,417.0
1760445137.2669213,mouse,move,,724.0,411.0
1760445137.2710476,mouse,move,,736.0,404.0
1760445137.2757485,mouse,move,,750.0,400.0
1760445137.279747,mouse,move,,762.0,393.0
1760445137.2827606,mouse,move,,776.0,389.0
1760445137.2870057,mouse,move,,788.0,385.0
1760445137.2913523,mouse,move,,800.0,380.0
1760445137.29504,mouse,move,,814.0,377.0
1760445137.2997084,mouse,move,,826.0,374.0
1760445137.3037336,mouse,move,,836.0,372.0
1760445137.3075373,mouse,move,,848.0,369.0
1760445137.3111024,mouse,move,,857.0,367.0
1760445137.3157763,mouse,move,,865.0,365.0
1760445137.3189456,mouse,move,,874.0,364.0
1760445137.3231223,mouse,move,,881.0,363.0
1760445137.327549,mouse,move,,888.0,363.0
1760445137.331698,mouse,move,,895.0,362.0
1760445137.3357117,mouse,move,,901.0,362.0
1760445137.339825,mouse,move,,908.0,361.0
1760445137.3437471,mouse,move,,914.0,361.0
1760445137.3478765,mouse,move,,919.0,361.0
1760445137.3518765,mouse,move,,924.0,361.0
1760445137.3557467,mouse,move,,929.0,361.0
1760445137.3596966,mouse,move,,933.0,361.0
1760445137.363088,mouse,move,,938.0,361.0
1760445137.3671246,mouse,move,,942.0,361.0
1760445137.371061,mouse,move,,946.0,362.0
1760445137.3749998,mouse,move,,948.0,363.0
1760445137.3790007,mouse,move,,952.0,364.0
1760445137.3831408,mouse,move,,956.0,366.0
1760445137.3873117,mouse,move,,960.0,367.0
1760445137.391568,mouse,move,,963.0,368.0
1760445137.3950732,mouse,move,,967.0,370.0
1760445137.3987277,mouse,move,,971.0,373.0
1760445137.4037468,mouse,move,,975.0,375.0
1760445137.4077468,mouse,move,,978.0,376.0
1760445137.4112694,mouse,move,,983.0,379.0
1760445137.4154959,mouse,move,,988.0,382.0
1760445137.41964,mouse,move,,992.0,384.0
1760445137.4233484,mouse,move,,998.0,387.0
1760445137.4278476,mouse,move,,1002.0,391.0
1760445137.4317474,mouse,move,,1008.0,394.0
1760445137.434943,mouse,move,,1012.0,399.0
1760445137.4395878,mouse,move,,1018.0,402.0
1760445137.443588,mouse,move,,1024.0,407.0
1760445137.447705,mouse,move,,1028.0,410.0
1760445137.4518485,mouse,move,,1033.0,413.0
1760445137.4557428,mouse,move,,1037.0,417.0
1760445137.4597425,mouse,move,,1040.0,420.0
1760445137.463752,mouse,move,,1044.0,423.0
1760445137.4679022,mouse,move,,1047.0,426.0
1760445137.4719372,mouse,move,,1052.0,429.0
1760445137.4754486,mouse,move,,1053.0,431.0
1760445137.479746,mouse,move,,1056.0,434.0
1760445137.4838176,mouse,move,,1058.0,435.0
1760445137.4877467,mouse,move,,1061.0,437.0
1760445137.491879,mouse,move,,1063.0,439.0
1760445137.4929454,mouse,move,,1065.0,442.0
1760445137.4995909,mouse,move,,1067.0,444.0
1760445137.5008833,mouse,move,,1070.0,446.0
1760445137.5074158,mouse,move,,1074.0,449.0
1760445137.5096009,mouse,move,,1078.0,451.0
1760445137.513603,mouse,move,,1083.0,454.0
1760445137.5196195,mouse,move,,1088.0,456.0
1760445137.5216458,mouse,move,,1092.0,458.0
1760445137.5253744,mouse,move,,1098.0,461.0
1760445137.5293763,mouse,move,,1104.0,463.0
1760445137.5336187,mouse,move,,1111.0,464.0
1760445137.5377455,mouse,move,,1116.0,466.0
1760445137.541412,mouse,move,,1123.0,467.0
1760445137.5454,mouse,move,,1130.0,469.0
1760445137.5497391,mouse,move,,1139.0,470.0
1760445137.5539005,mouse,move,,1148.0,471.0
1760445137.557745,mouse,move,,1159.0,471.0
1760445137.561457,mouse,move,,1169.0,472.0
1760445137.5657454,mouse,move,,1181.0,472.0
1760445137.5689526,mouse,move,,1193.0,472.0
1760445137.5730655,mouse,move,,1206.0,472.0
1760445137.5770643,mouse,move,,1221.0,472.0
1760445137.5815709,mouse,move,,1236.0,472.0
1760445137.5857463,mouse,move,,1253.0,472.0
1760445137.5897448,mouse,move,,1268.0,471.0
1760445137.5929523,mouse,move,,1283.0,469.0
1760445137.5977452,mouse,move,,1296.0,467.0
1760445137.6009393,mouse,move,,1310.0,462.0
1760445137.6055841,mouse,move,,1325.0,458.0
1760445137.6088402,mouse,move,,1339.0,454.0
1760445137.6132746,mouse,move,,1354.0,450.0
1760445137.6177456,mouse,move,,1369.0,444.0
1760445137.621864,mouse,move,,1383.0,440.0
1760445137.624867,mouse,move,,1397.0,436.0
1760445137.6290731,mouse,move,,1410.0,432.0
1760445137.6332595,mouse,move,,1422.0,428.0
1760445137.6377447,mouse,move,,1435.0,423.0
1760445137.641623,mouse,move,,1447.0,417.0
1760445137.6455865,mouse,move,,1459.0,412.0
1760445137.6497457,mouse,move,,1471.0,406.0
1760445137.653746,mouse,move,,1482.0,401.0
1760445137.6575851,mouse,move,,1491.0,396.0
1760445137.661942,mouse,move,,1500.0,391.0
1760445137.665119,mouse,move,,1506.0,385.0
1760445137.6692393,mouse,move,,1511.0,379.0
1760445137.6733499,mouse,move,,1515.0,374.0
1760445137.6773489,mouse,move,,1519.0,368.0
1760445137.6817458,mouse,move,,1521.0,364.0
1760445137.685367,mouse,move,,1523.0,358.0
1760445137.6895132,mouse,move,,1524.0,355.0
1760445137.6935794,mouse,move,,1524.0,349.0
1760445137.6972365,mouse,move,,1524.0,344.0
1760445137.7017586,mouse,move,,1522.0,338.0
1760445137.7054431,mouse,move,,1518.0,333.0
1760445137.7097435,mouse,move,,1514.0,327.0
1760445137.7137458,mouse,move,,1507.0,319.0
1760445137.7177656,mouse,move,,1500.0,313.0
1760445137.7210479,mouse,move,,1489.0,304.0
1760445137.725745,mouse,move,,1476.0,298.0
1760445137.729804,mouse,move,,1464.0,289.0
1760445137.7329583,mouse,move,,1450.0,281.0
1760445137.7375987,mouse,move,,1432.0,272.0
1760445137.7415981,mouse,move,,1413.0,264.0
1760445137.7457457,mouse,move,,1394.0,255.0
1760445137.7497451,mouse,move,,1373.0,246.0
1760445137.753745,mouse,move,,1354.0,239.0
1760445137.7574058,mouse,move,,1333.0,230.0
1760445137.7618496,mouse,move,,1312.0,224.0
1760445137.7649648,mouse,move,,1291.0,217.0
1760445137.7691264,mouse,move,,1267.0,211.0
1760445137.7731292,mouse,move,,1244.0,206.0
1760445137.7777445,mouse,move,,1224.0,201.0
1760445137.7817452,mouse,move,,1201.0,196.0
1760445137.785414,mouse,move,,1178.0,191.0
1760445137.7899299,mouse,move,,1152.0,188.0
1760445137.7929738,mouse,move,,1123.0,184.0
1760445137.796854,mouse,move,,1098.0,182.0
1760445137.8016198,mouse,move,,1073.0,181.0
1760445137.8050416,mouse,move,,1055.0,179.0
1760445137.8091862,mouse,move,,1039.0,178.0
1760445137.8135953,mouse,move,,1022.0,178.0
1760445137.8176703,mouse,move,,1005.0,178.0
1760445137.8209224,mouse,move,,985.0,178.0
1760445137.8251545,mouse,move,,965.0,178.0
1760445137.8292136,mouse,move,,944.0,178.0
1760445137.8336275,mouse,move,,923.0,178.0
1760445137.8368485,mouse,move,,905.0,178.0
1760445137.8413386,mouse,move,,887.0,178.0
1760445137.8457446,mouse,move,,872.0,181.0
1760445137.8498218,mouse,move,,857.0,183.0
1760445137.853333,mouse,move,,845.0,185.0
1760445137.8577237,mouse,move,,834.0,188.0
1760445137.8610024,mouse,move,,824.0,189.0
1760445137.8657444,mouse,move,,815.0,192.0
1760445137.8696306,mouse,move,,808.0,195.0
1760445137.8734195,mouse,move,,801.0,199.0
1760445137.8769348,mouse,move,,795.0,202.0
1760445137.8813207,mouse,move,,789.0,206.0
1760445137.8855166,mouse,move,,785.0,209.0
1760445137.8890347,mouse,move,,780.0,214.0
1760445137.8937445,mouse,move,,777.0,218.0
1760445137.897364,mouse,move,,774.0,221.0
1760445137.9013898,mouse,move,,772.0,227.0
1760445137.9058669,mouse,move,,770.0,231.0
1760445137.9091208,mouse,move,,768.0,235.0
1760445137.9137418,mouse,move,,767.0,240.0
1760445137.917498,mouse,move,,765.0,246.0
1760445137.9219422,mouse,move,,765.0,251.0
1760445137.9257443,mouse,move,,764.0,258.0
1760445137.9296582,mouse,move,,764.0,263.0
1760445137.9336514,mouse,move,,764.0,270.0
1760445137.9377928,mouse,move,,764.0,277.0
1760445137.9409487,mouse,move,,764.0,283.0
1760445137.9457455,mouse,move,,765.0,292.0
1760445137.9490135,mouse,move,,766.0,299.0
1760445137.9531891,mouse,move,,768.0,308.0
1760445137.9577444,mouse,move,,771.0,317.0
1760445137.9609046,mouse,move,,775.0,325.0
1760445137.964903,mouse,move,,777.0,334.0
1760445137.9691286,mouse,move,,782.0,343.0
1760445137.9732475,mouse,move,,787.0,352.0
1760445137.9769583,mouse,move,,793.0,361.0
1760445137.9816175,mouse,move,,801.0,372.0
1760445137.9850485,mouse,move,,807.0,381.0
1760445137.9891768,mouse,move,,817.0,391.0
1760445137.9937441,mouse,move,,826.0,399.0
1760445137.9972777,mouse,move,,837.0,408.0
1760445138.0016296,mouse,move,,848.0,417.0
1760445138.00517,mouse,move,,862.0,425.0
1760445138.0093083,mouse,move,,876.0,432.0
1760445138.013304,mouse,move,,891.0,439.0
1760445138.0174189,mouse,move,,909.0,448.0
1760445138.0217457,mouse,move,,930.0,454.0
1760445138.025367,mouse,move,,955.0,463.0
1760445138.029192,mouse,move,,978.0,468.0
1760445138.0333247,mouse,move,,1004.0,473.0
1760445138.037589,mouse,move,,1034.0,479.0
1760445138.0417438,mouse,move,,1069.0,483.0
1760445138.045423,mouse,move,,1104.0,485.0
1760445138.0484374,mouse,move,,1139.0,487.0
1760445138.0529594,mouse,move,,1177.0,489.0
1760445138.0576353,mouse,move,,1214.0,489.0
1760445138.0611446,mouse,move,,1248.0,489.0
1760445138.0657446,mouse,move,,1282.0,489.0
1760445138.069772,mouse,move,,1316.0,489.0
1760445138.0733662,mouse,move,,1351.0,489.0
1760445138.0771997,mouse,move,,1389.0,488.0
1760445138.0808804,mouse,move,,1420.0,486.0
1760445138.0855234,mouse,move,,1452.0,482.0
1760445138.0889668,mouse,move,,1481.0,478.0
1760445138.0929618,mouse,move,,1507.0,475.0
1760445138.0965734,mouse,move,,1532.0,472.0
1760445138.101744,mouse,move,,1555.0,468.0
1760445138.1057441,mouse,move,,1572.0,464.0
1760445138.1095443,mouse,move,,1588.0,461.0
1760445138.1135476,mouse,move,,1604.0,457.0
1760445138.117745,mouse,move,,1617.0,453.0
1760445138.1210008,mouse,move,,1628.0,449.0
1760445138.1251109,mouse,move,,1637.0,445.0
1760445138.1291096,mouse,move,,1646.0,442.0
1760445138.1332564,mouse,move,,1652.0,438.0
1760445138.1377444,mouse,move,,1656.0,435.0
1760445138.1417441,mouse,move,,1659.0,433.0
1760445138.1457403,mouse,move,,1661.0,431.0
1760445138.1488435,mouse,move,,1661.0,430.0
1760445138.1535594,mouse,move,,1662.0,430.0
1760445138.1578133,mouse,move,,1662.0,430.0
1760445138.1608171,mouse,move,,1662.0,429.0
1760445138.1657436,mouse,move,,1662.0,428.0
1760445138.1697428,mouse,move,,1662.0,428.0
1760445138.1737432,mouse,move,,1662.0,426.0
1760445138.177744,mouse,move,,1662.0,424.0
1760445138.180905,mouse,move,,1661.0,423.0
1760445138.1855757,mouse,move,,1660.0,421.0
1760445138.1897244,mouse,move,,1659.0,418.0
1760445138.193236,mouse,move,,1658.0,416.0
1760445138.1975472,mouse,move,,1656.0,414.0
1760445138.2017438,mouse,move,,1654.0,412.0
1760445138.205129,mouse,move,,1651.0,409.0
1760445138.209152,mouse,move,,1648.0,406.0
1760445138.2133172,mouse,move,,1645.0,403.0
1760445138.2175484,mouse,move,,1641.0,400.0
1760445138.2217324,mouse,move,,1638.0,397.0
1760445138.2257445,mouse,move,,1634.0,394.0
1760445138.2287605,mouse,move,,1628.0,390.0
1760445138.2335503,mouse,move,,1622.0,387.0
1760445138.234551,keyboard,press,d,,
1760445138.2376354,mouse,move,,1615.0,383.0
1760445138.2416878,mouse,move,,1607.0,379.0
1760445138.2447407,mouse,move,,1598.0,374.0
1760445138.2497783,mouse,move,,1589.0,370.0
1760445138.2530088,mouse,move,,1577.0,365.0
1760445138.257469,mouse,move,,1565.0,361.0
1760445138.2614877,mouse,move,,1551.0,357.0
1760445138.2658336,mouse,move,,1534.0,351.0
1760445138.2688334,mouse,move,,1519.0,347.0
1760445138.2730594,mouse,move,,1500.0,342.0
1760445138.2774527,mouse,move,,1480.0,338.0
1760445138.2816925,mouse,move,,1457.0,335.0
1760445138.2851992,mouse,move,,1435.0,331.0
1760445138.2892065,mouse,move,,1409.0,328.0
1760445138.293341,mouse,move,,1380.0,324.0
1760445138.2974658,mouse,move,,1358.0,321.0
1760445138.3009791,mouse,move,,1336.0,320.0
1760445138.3049831,mouse,move,,1317.0,317.0
1760445138.309125,mouse,move,,1296.0,315.0
1760445138.3136413,mouse,move,,1274.0,314.0
1760445138.3171473,mouse,move,,1246.0,312.0
1760445138.321155,mouse,move,,1219.0,312.0
1760445138.3258169,mouse,move,,1187.0,310.0
1760445138.3294418,mouse,move,,1160.0,310.0
1760445138.3339508,mouse,move,,1132.0,310.0
1760445138.3379571,mouse,move,,1105.0,310.0
1760445138.3414674,mouse,move,,1078.0,310.0
1760445138.3450563,mouse,move,,1053.0,308.0
1760445138.3490617,mouse,move,,1026.0,308.0
1760445138.3535745,mouse,move,,1002.0,308.0
1760445138.3571434,mouse,move,,978.0,308.0
1760445138.3616505,mouse,move,,954.0,308.0
1760445138.3656566,mouse,move,,933.0,308.0
1760445138.3692617,mouse,move,,912.0,308.0
1760445138.372897,mouse,move,,894.0,308.0
1760445138.376902,mouse,move,,876.0,308.0
1760445138.3814144,mouse,move,,858.0,308.0
1760445138.3854196,mouse,move,,841.0,308.0
1760445138.389419,mouse,move,,825.0,308.0
1760445138.3934193,mouse,move,,810.0,308.0
1760445138.396922,mouse,move,,795.0,308.0
1760445138.4008682,mouse,move,,780.0,308.0
1760445138.4046896,mouse,move,,765.0,308.0
1760445138.4092011,mouse,move,,754.0,308.0
1760445138.413328,mouse,move,,744.0,308.0
1760445138.4174447,mouse,move,,732.0,308.0
1760445138.4194448,keyboard,release,d,,
1760445138.4215548,mouse,move,,722.0,308.0
1760445138.4248412,mouse,move,,715.0,308.0
1760445138.4294615,mouse,move,,711.0,308.0
1760445138.4329813,mouse,move,,709.0,308.0
1760445138.4375873,mouse,move,,706.0,308.0
1760445138.4415977,mouse,move,,703.0,308.0
1760445138.4451957,mouse,move,,700.0,308.0
1760445138.4497452,mouse,move,,696.0,308.0
1760445138.452746,mouse,move,,692.0,308.0
1760445138.4572546,mouse,move,,686.0,308.0
1760445138.4617672,mouse,move,,679.0,308.0
1760445138.465272,mouse,move,,672.0,308.0
1760445138.4692764,mouse,move,,664.0,310.0
1760445138.4728534,mouse,move,,658.0,310.0
1760445138.4773612,mouse,move,,653.0,311.0
1760445138.4793625,keyboard,press,h,,
1760445138.480362,mouse,move,,648.0,311.0
1760445138.484923,mouse,move,,644.0,312.0
1760445138.489436,mouse,move,,640.0,312.0
1760445138.4914343,keyboard,press,g,,
1760445138.493945,mouse,move,,637.0,313.0
1760445138.4980106,mouse,move,,634.0,313.0
1760445138.5013366,mouse,move,,631.0,313.0
1760445138.5058734,mouse,move,,629.0,313.0
1760445138.5089786,mouse,move,,627.0,313.0
1760445138.5135946,mouse,move,,625.0,314.0
1760445138.5171056,mouse,move,,622.0,314.0
1760445138.521698,mouse,move,,621.0,314.0
1760445138.525263,mouse,move,,619.0,315.0
1760445138.529275,mouse,move,,617.0,315.0
1760445138.5329716,mouse,move,,615.0,316.0
1760445138.537569,mouse,move,,613.0,317.0
1760445138.5417364,mouse,move,,611.0,317.0
1760445138.5458307,mouse,move,,609.0,318.0
1760445138.5493677,mouse,move,,607.0,318.0
1760445138.5529788,mouse,move,,604.0,319.0
1760445138.5574834,mouse,move,,601.0,320.0
1760445138.5615435,keyboard,release,g,,
1760445138.5615435,mouse,move,,600.0,320.0
1760445138.5658684,mouse,move,,596.0,320.0
1760445138.5658684,keyboard,release,h,,
1760445138.5693724,mouse,move,,593.0,321.0
1760445138.5733721,mouse,move,,590.0,321.0
1760445138.5775309,mouse,move,,586.0,322.0
1760445138.5809875,mouse,move,,583.0,322.0
1760445138.5854998,mouse,move,,579.0,322.0
1760445138.5894995,mouse,move,,577.0,322.0
1760445138.5930116,mouse,move,,573.0,322.0
1760445138.5975308,mouse,move,,570.0,322.0
1760445138.6016324,mouse,move,,567.0,323.0
1760445138.605631,mouse,move,,565.0,323.0
1760445138.6091394,mouse,move,,562.0,324.0
1760445138.6132026,mouse,move,,560.0,324.0
1760445138.6172104,mouse,move,,558.0,324.0
1760445138.6212146,mouse,move,,556.0,325.0
1760445138.6252198,mouse,move,,553.0,325.0
1760445138.6287248,mouse,move,,552.0,325.0
1760445138.6327295,mouse,move,,550.0,325.0
1760445138.636475,mouse,move,,550.0,325.0
1760445138.6416929,mouse,move,,548.0,325.0
1760445138.645702,mouse,move,,547.0,326.0
1760445138.6492116,mouse,move,,547.0,326.0
1760445138.6537216,mouse,move,,546.0,326.0
1760445138.6974206,mouse,move,,546.0,327.0
1760445138.7020104,mouse,move,,545.0,327.0
1760445138.7050169,mouse,move,,545.0,327.0
1760445138.709529,mouse,move,,545.0,328.0
1760445138.7105286,keyboard,press,h,,
1760445138.7131274,mouse,move,,545.0,329.0
1760445138.7171316,mouse,move,,545.0,329.0
1760445138.7216134,mouse,move,,546.0,330.0
1760445138.7246134,mouse,move,,546.0,331.0
1760445138.7288728,mouse,move,,548.0,332.0
1760445138.7329595,mouse,move,,549.0,333.0
1760445138.737577,mouse,move,,550.0,334.0
1760445138.74108,mouse,move,,553.0,335.0
1760445138.7458544,mouse,move,,556.0,336.0
1760445138.7498617,mouse,move,,560.0,337.0
1760445138.7535365,mouse,move,,564.0,338.0
1760445138.7575493,mouse,move,,568.0,340.0
1760445138.7601013,mouse,move,,572.0,341.0
1760445138.7659287,mouse,move,,579.0,343.0
1760445138.7689328,mouse,move,,584.0,344.0
1760445138.7735472,mouse,move,,593.0,347.0
1760445138.777195,mouse,move,,602.0,348.0
1760445138.7816985,mouse,move,,610.0,351.0
1760445138.7857075,mouse,move,,621.0,352.0
1760445138.7892232,mouse,move,,631.0,353.0
1760445138.7938006,mouse,move,,641.0,355.0
1760445138.7973034,mouse,move,,653.0,356.0
1760445138.801312,mouse,move,,666.0,357.0
1760445138.8059084,mouse,move,,680.0,360.0
1760445138.8094122,mouse,move,,696.0,361.0
1760445138.8134177,mouse,move,,712.0,364.0
1760445138.8179288,mouse,move,,728.0,367.0
1760445138.82144,mouse,move,,745.0,368.0
1760445138.8244402,mouse,move,,762.0,371.0
1760445138.8290334,mouse,move,,779.0,374.0
1760445138.8335464,mouse,move,,797.0,375.0
1760445138.8370514,mouse,move,,816.0,380.0
1760445138.841057,mouse,move,,834.0,381.0
1760445138.8455698,mouse,move,,855.0,384.0
1760445138.8500795,mouse,move,,875.0,387.0
1760445138.8537261,mouse,move,,894.0,390.0
1760445138.8577306,mouse,move,,913.0,393.0
1760445138.8612392,mouse,move,,934.0,394.0
1760445138.8658202,mouse,move,,954.0,397.0
1760445138.8688202,mouse,move,,972.0,399.0
1760445138.8733282,mouse,move,,989.0,402.0
1760445138.8769379,mouse,move,,1005.0,404.0
1760445138.8814404,mouse,move,,1022.0,406.0
1760445138.8854477,mouse,move,,1037.0,409.0
1760445138.8895905,mouse,move,,1052.0,411.0
1760445138.8932102,mouse,move,,1068.0,414.0
1760445138.8972626,mouse,move,,1081.0,417.0
1760445138.9013681,mouse,move,,1096.0,420.0
1760445138.9054184,mouse,move,,1110.0,422.0
1760445138.9095457,mouse,move,,1125.0,424.0
1760445138.9136355,mouse,move,,1138.0,426.0
1760445138.917635,mouse,move,,1150.0,428.0
1760445138.9217262,mouse,move,,1164.0,430.0
1760445138.9252365,mouse,move,,1176.0,433.0
1760445138.9293334,mouse,move,,1186.0,436.0
1760445138.9343882,mouse,move,,1198.0,437.0
1760445138.9373896,mouse,move,,1207.0,439.0
1760445138.941547,mouse,move,,1217.0,441.0
1760445138.9455862,keyboard,release,h,,
1760445138.9455862,mouse,move,,1225.0,442.0
1760445138.9490924,mouse,move,,1234.0,443.0
1760445138.9521608,keyboard,press,f,,
1760445138.9531605,mouse,move,,1243.0,446.0
1760445138.9576373,mouse,move,,1250.0,447.0
1760445138.9617023,mouse,move,,1255.0,448.0
1760445138.9652052,mouse,move,,1261.0,450.0
1760445138.9692967,mouse,move,,1265.0,451.0
1760445138.9738998,mouse,move,,1269.0,452.0
1760445138.9769611,mouse,move,,1273.0,454.0
1760445138.9809682,mouse,move,,1277.0,455.0
1760445138.9850805,mouse,move,,1280.0,456.0
1760445138.9891589,mouse,move,,1283.0,457.0
1760445138.9932222,mouse,move,,1286.0,458.0
1760445138.9977949,mouse,move,,1290.0,459.0
1760445139.001299,mouse,move,,1293.0,460.0
1760445139.0053864,mouse,move,,1295.0,461.0
1760445139.0094283,mouse,move,,1299.0,463.0
1760445139.0135462,mouse,move,,1302.0,464.0
1760445139.0170596,mouse,move,,1305.0,465.0
1760445139.0211635,mouse,move,,1308.0,465.0
1760445139.0253003,mouse,move,,1310.0,466.0
1760445139.029421,mouse,move,,1313.0,467.0
1760445139.032922,mouse,move,,1316.0,468.0
1760445139.0369287,mouse,move,,1320.0,469.0
1760445139.0415072,mouse,move,,1322.0,470.0
1760445139.0451396,mouse,move,,1326.0,471.0
1760445139.0491385,mouse,move,,1330.0,472.0
1760445139.0532353,mouse,move,,1333.0,473.0
1760445139.0577388,mouse,move,,1336.0,474.0
1760445139.0608559,mouse,move,,1339.0,475.0
1760445139.0658154,mouse,move,,1343.0,476.0
1760445139.0698204,mouse,move,,1347.0,477.0
1760445139.0729058,mouse,move,,1350.0,479.0
1760445139.0769906,mouse,move,,1354.0,480.0
1760445139.0809906,mouse,move,,1358.0,482.0
1760445139.0850909,mouse,move,,1362.0,483.0
1760445139.0897145,mouse,move,,1366.0,484.0
1760445139.0938187,mouse,move,,1368.0,484.0
1760445139.0973942,mouse,move,,1372.0,485.0
1760445139.1014001,mouse,move,,1375.0,485.0
1760445139.1049755,mouse,move,,1378.0,486.0
1760445139.109072,mouse,move,,1381.0,487.0
1760445139.1130712,mouse,move,,1384.0,488.0
1760445139.1171823,mouse,move,,1387.0,488.0
1760445139.1212416,mouse,move,,1390.0,489.0
1760445139.1256444,mouse,move,,1392.0,489.0
1760445139.1275373,keyboard,press,h,,
1760445139.1287174,mouse,move,,1395.0,490.0
1760445139.1338282,mouse,move,,1398.0,490.0
1760445139.1372454,mouse,move,,1399.0,491.0
1760445139.1417036,mouse,move,,1401.0,491.0
1760445139.1458957,mouse,move,,1403.0,492.0
1760445139.148952,mouse,move,,1403.0,492.0
1760445139.1530392,mouse,move,,1404.0,492.0
1760445139.1575508,mouse,move,,1405.0,492.0
1760445139.165098,mouse,move,,1405.0,492.0
1760445139.167487,keyboard,release,f,,
1760445139.1976178,mouse,move,,1406.0,492.0
1760445139.2740462,mouse,move,,1406.0,492.0
1760445139.2776973,mouse,move,,1406.0,492.0
1760445139.2813544,mouse,move,,1403.0,492.0
1760445139.2859476,mouse,move,,1401.0,492.0
1760445139.2891243,mouse,move,,1397.0,492.0
1760445139.2931333,mouse,move,,1393.0,492.0
1760445139.297158,mouse,move,,1388.0,492.0
1760445139.3017902,mouse,move,,1383.0,492.0
1760445139.3047867,mouse,move,,1376.0,492.0
1760445139.309359,mouse,move,,1370.0,492.0
1760445139.3137412,mouse,move,,1363.0,492.0
1760445139.3178647,mouse,move,,1354.0,492.0
1760445139.3218625,mouse,move,,1347.0,492.0
1760445139.325381,mouse,move,,1341.0,492.0
1760445139.3291717,mouse,move,,1334.0,492.0
1760445139.3332672,mouse,move,,1327.0,492.0
1760445139.3373423,mouse,move,,1320.0,492.0
1760445139.3414526,mouse,move,,1315.0,492.0
1760445139.3456426,mouse,move,,1308.0,492.0
1760445139.3488753,keyboard,release,h,,
1760445139.3488753,mouse,move,,1301.0,492.0
1760445139.353361,mouse,move,,1296.0,492.0
1760445139.3570845,mouse,move,,1290.0,492.0
1760445139.3616798,mouse,move,,1286.0,492.0
1760445139.3648891,mouse,move,,1281.0,492.0
1760445139.3688886,mouse,move,,1276.0,492.0
1760445139.3729904,mouse,move,,1272.0,492.0
1760445139.3778315,mouse,move,,1268.0,492.0
1760445139.3814244,mouse,move,,1263.0,492.0
1760445139.3856556,mouse,move,,1259.0,492.0
1760445139.3897498,mouse,move,,1254.0,492.0
1760445139.393082,mouse,move,,1251.0,492.0
1760445139.3976376,mouse,move,,1247.0,492.0
1760445139.4016154,mouse,move,,1243.0,492.0
1760445139.4057784,mouse,move,,1240.0,492.0
1760445139.4091253,mouse,move,,1237.0,492.0
1760445139.4136338,mouse,move,,1233.0,492.0
1760445139.4176686,mouse,move,,1230.0,492.0
1760445139.4216616,mouse,move,,1228.0,492.0
1760445139.4257245,mouse,move,,1225.0,492.0
1760445139.428942,mouse,move,,1222.0,492.0
1760445139.4334564,mouse,move,,1220.0,492.0
1760445139.437467,mouse,move,,1218.0,492.0
1760445139.441658,mouse,move,,1217.0,492.0
1760445139.4458184,mouse,move,,1215.0,491.0
1760445139.4494243,mouse,move,,1214.0,491.0
1760445139.453436,mouse,move,,1213.0,491.0
1760445139.4576676,mouse,move,,1212.0,491.0
1760445139.4616673,mouse,move,,1211.0,491.0
1760445139.4649022,mouse,move,,1211.0,491.0
1760445139.4695506,mouse,move,,1210.0,491.0
1760445139.4730663,mouse,move,,1209.0,491.0
1760445139.4770792,mouse,move,,1208.0,491.0
1760445139.4815948,mouse,move,,1208.0,491.0
1760445139.4850156,mouse,move,,1207.0,491.0
1760445139.4900308,mouse,move,,1206.0,491.0
1760445139.4933457,mouse,move,,1206.0,491.0
1760445139.4970999,mouse,move,,1205.0,491.0
1760445139.5016167,mouse,move,,1204.0,491.0
1760445139.5099325,mouse,move,,1203.0,491.0
1760445139.5129337,mouse,move,,1203.0,491.0
1760445139.5219579,mouse,move,,1202.0,491.0
1760445139.541997,mouse,move,,1201.0,491.0
1760445139.5615394,mouse,move,,1201.0,491.0
1760445139.565049,mouse,move,,1200.0,491.0
1760445139.5695515,mouse,move,,1199.0,491.0
1760445139.5735567,mouse,move,,1198.0,491.0
1760445139.577066,mouse,move,,1198.0,491.0
1760445139.581575,mouse,move,,1197.0,491.0
1760445139.5936148,mouse,move,,1196.0,491.0
1760445139.5971186,mouse,move,,1196.0,491.0
1760445139.6012552,mouse,move,,1195.0,491.0
1760445139.6051838,mouse,move,,1193.0,491.0
1760445139.608997,mouse,move,,1193.0,491.0
1760445139.6138098,mouse,move,,1192.0,491.0
1760445139.617884,mouse,move,,1191.0,491.0
1760445139.621638,mouse,move,,1191.0,491.0
1760445139.625202,mouse,move,,1190.0,491.0
1760445139.6338887,mouse,move,,1189.0,491.0
1760445139.6378117,mouse,move,,1188.0,491.0
1760445139.641784,mouse,move,,1187.0,491.0
1760445139.6454043,mouse,move,,1186.0,491.0
1760445139.653458,mouse,move,,1185.0,491.0
1760445139.6579404,mouse,move,,1185.0,491.0
1760445139.661813,mouse,move,,1184.0,491.0
1760445139.6653779,mouse,move,,1183.0,491.0
1760445139.6687815,mouse,move,,1183.0,491.0
1760445139.673017,mouse,move,,1182.0,491.0
1760445139.6776435,mouse,move,,1181.0,491.0
1760445139.6812613,mouse,move,,1180.0,491.0
1760445139.6858103,mouse,move,,1179.0,491.0
1760445139.68892,mouse,move,,1178.0,491.0
1760445139.6936307,mouse,move,,1178.0,491.0
1760445139.6973457,mouse,move,,1177.0,491.0
1760445139.7015588,mouse,move,,1176.0,491.0
1760445139.705663,mouse,move,,1175.0,491.0
1760445139.7093832,mouse,move,,1174.0,491.0
1760445139.7129898,mouse,move,,1172.0,491.0
1760445139.7170918,mouse,move,,1172.0,491.0
1760445139.7217963,mouse,move,,1171.0,491.0
1760445139.7255285,mouse,move,,1170.0,491.0
1760445139.7300754,mouse,move,,1170.0,491.0
1760445139.7331464,mouse,move,,1169.0,491.0
1760445139.737878,mouse,move,,1168.0,491.0
1760445139.7413723,mouse,move,,1167.0,491.0
1760445139.7455845,mouse,move,,1167.0,491.0
1760445139.749808,mouse,move,,1166.0,490.0
1760445139.7609723,mouse,move,,1165.0,490.0
1760445139.7654927,mouse,move,,1165.0,490.0
1760445139.7735217,mouse,move,,1164.0,490.0
1760445139.7775366,mouse,move,,1163.0,490.0
1760445139.785699,mouse,move,,1162.0,490.0
1760445140.1017869,keyboard,press,Key.backspace,,
1760445140.177195,keyboard,release,Key.backspace,,
1760445140.3030956,keyboard,press,Key.backspace,,
1760445140.3862815,keyboard,release,Key.backspace,,
1760445140.497394,keyboard,press,Key.backspace,,
1760445140.5683782,keyboard,release,Key.backspace,,
1760445140.695263,keyboard,press,Key.backspace,,
1760445140.7829275,keyboard,release,Key.backspace,,
1760445140.9752457,keyboard,press,Key.backspace,,
1760445141.0892286,keyboard,release,Key.backspace,,
1760445141.3207796,keyboard,press,Key.backspace,,
1760445141.4221694,keyboard,release,Key.backspace,,
1760445141.6916907,keyboard,press,Key.backspace,,
1760445141.7685924,keyboard,release,Key.backspace,,
1760445142.153203,mouse,move,,1162.0,490.0
1760445142.1572056,mouse,move,,1162.0,490.0
1760445142.161721,mouse,move,,1161.0,490.0
1760445142.165819,mouse,move,,1160.0,490.0
1760445142.1693234,mouse,move,,1160.0,491.0
1760445142.173333,mouse,move,,1159.0,491.0
1760445142.1770456,mouse,move,,1158.0,492.0
1760445142.1812477,mouse,move,,1157.0,493.0
1760445142.185754,mouse,move,,1157.0,493.0
1760445142.1897585,mouse,move,,1157.0,494.0
1760445142.193326,mouse,move,,1156.0,495.0
1760445142.1975296,mouse,move,,1155.0,495.0
1760445142.2014444,mouse,move,,1155.0,496.0
1760445142.2055504,mouse,move,,1154.0,497.0
1760445142.2091074,mouse,move,,1152.0,498.0
1760445142.2136269,mouse,move,,1152.0,498.0
1760445142.2166255,mouse,move,,1151.0,499.0
1760445142.2211432,mouse,move,,1150.0,500.0
1760445142.2256622,mouse,move,,1150.0,500.0
1760445142.2291734,mouse,move,,1149.0,501.0
1760445142.233188,mouse,move,,1148.0,502.0
1760445142.2377028,mouse,move,,1147.0,503.0
1760445142.2414353,mouse,move,,1146.0,503.0
1760445142.2454345,mouse,move,,1145.0,504.0
1760445142.249523,mouse,move,,1144.0,505.0
1760445142.253039,mouse,move,,1144.0,506.0
1760445142.257555,mouse,move,,1142.0,507.0
1760445142.2605553,mouse,move,,1141.0,508.0
1760445142.2652488,mouse,move,,1140.0,509.0
1760445142.2693176,mouse,move,,1139.0,509.0
1760445142.2734163,mouse,move,,1138.0,509.0
1760445142.276417,mouse,move,,1137.0,510.0
1760445142.2809727,mouse,move,,1137.0,512.0
1760445142.2856073,mouse,move,,1136.0,512.0
1760445142.289695,mouse,move,,1135.0,513.0
1760445142.2936883,mouse,move,,1134.0,514.0
1760445142.2977405,mouse,move,,1133.0,515.0
1760445142.3013394,mouse,move,,1133.0,515.0
1760445142.3054109,mouse,move,,1132.0,516.0
1760445142.3094494,mouse,move,,1132.0,516.0
1760445142.3134649,mouse,move,,1130.0,517.0
1760445142.3170898,mouse,move,,1129.0,517.0
1760445142.3211796,mouse,move,,1128.0,518.0
1760445142.3256845,mouse,move,,1126.0,519.0
1760445142.3298118,mouse,move,,1125.0,521.0
1760445142.3328986,mouse,move,,1123.0,522.0
1760445142.3377993,mouse,move,,1123.0,522.0
1760445142.3413033,mouse,move,,1121.0,522.0
1760445142.3453903,mouse,move,,1120.0,523.0
1760445142.3494384,mouse,move,,1119.0,524.0
1760445142.353042,mouse,move,,1117.0,524.0
1760445142.357718,mouse,move,,1117.0,525.0
1760445142.3617172,mouse,move,,1116.0,525.0
1760445142.3658462,mouse,move,,1114.0,525.0
1760445142.369457,mouse,move,,1114.0,526.0
1760445142.3737326,mouse,move,,1113.0,526.0
1760445142.3767474,mouse,move,,1111.0,527.0
1760445142.381426,mouse,move,,1111.0,528.0
1760445142.385531,mouse,move,,1110.0,528.0
1760445142.3890495,mouse,move,,1109.0,528.0
1760445142.3932211,mouse,move,,1109.0,528.0
1760445142.3978803,mouse,move,,1108.0,529.0
1760445142.4011338,mouse,move,,1107.0,529.0
1760445142.405135,mouse,move,,1106.0,529.0
1760445142.4097311,mouse,move,,1106.0,529.0
1760445142.4134986,mouse,move,,1105.0,530.0
1760445142.4176502,mouse,move,,1104.0,530.0
1760445142.4209201,mouse,move,,1104.0,530.0
1760445142.4296908,mouse,move,,1103.0,530.0
1760445142.4372952,mouse,move,,1102.0,530.0
1760445142.4417303,mouse,move,,1101.0,530.0
1760445142.444976,mouse,move,,1101.0,530.0
1760445142.4497304,mouse,move,,1099.0,531.0
1760445142.4533346,mouse,move,,1098.0,531.0
1760445142.457498,mouse,move,,1098.0,531.0
1760445142.46165,mouse,move,,1096.0,531.0
1760445142.4649615,mouse,move,,1095.0,531.0
1760445142.4689562,mouse,move,,1094.0,531.0
1760445142.4730232,mouse,move,,1092.0,531.0
1760445142.4775362,mouse,move,,1090.0,531.0
1760445142.4810517,mouse,move,,1088.0,531.0
1760445142.4855633,mouse,move,,1084.0,531.0
1760445142.489576,mouse,move,,1082.0,531.0
1760445142.4931004,mouse,move,,1078.0,531.0
1760445142.4976327,mouse,move,,1073.0,530.0
1760445142.5018048,mouse,move,,1069.0,529.0
1760445142.50587,mouse,move,,1062.0,528.0
1760445142.5091643,mouse,move,,1057.0,528.0
1760445142.5133295,mouse,move,,1049.0,526.0
1760445142.5178442,mouse,move,,1042.0,525.0
1760445142.5210607,mouse,move,,1034.0,522.0
1760445142.52517,mouse,move,,1025.0,520.0
1760445142.5296917,mouse,move,,1016.0,516.0
1760445142.5336971,mouse,move,,1007.0,512.0
1760445142.5378664,mouse,move,,997.0,509.0
1760445142.541379,mouse,move,,986.0,505.0
1760445142.5448906,mouse,move,,974.0,501.0
1760445142.5488987,mouse,move,,962.0,497.0
1760445142.5534146,mouse,move,,950.0,493.0
1760445142.5569205,mouse,move,,939.0,489.0
1760445142.561442,mouse,move,,927.0,485.0
1760445142.5654564,mouse,move,,917.0,481.0
1760445142.5689762,mouse,move,,905.0,477.0
1760445142.5734882,mouse,move,,893.0,473.0
1760445142.576498,mouse,move,,881.0,469.0
1760445142.5810165,mouse,move,,867.0,464.0
1760445142.5855398,mouse,move,,852.0,460.0
1760445142.589045,mouse,move,,838.0,454.0
1760445142.5930524,mouse,move,,826.0,450.0
1760445142.5971231,mouse,move,,812.0,446.0
1760445142.6016412,mouse,move,,798.0,442.0
1760445142.6051526,mouse,move,,786.0,438.0
1760445142.60969,mouse,move,,774.0,434.0
1760445142.613207,mouse,move,,764.0,429.0
1760445142.6177304,mouse,move,,755.0,423.0
1760445142.6217237,mouse,move,,750.0,420.0
1760445142.6258168,mouse,move,,747.0,418.0
1760445142.6297824,mouse,move,,746.0,417.0
1760445142.633338,mouse,move,,745.0,417.0
1760445142.7737613,mouse,move,,745.0,417.0
1760445142.778017,mouse,move,,748.0,417.0
1760445142.7820437,mouse,move,,751.0,417.0
1760445142.7852836,mouse,move,,754.0,417.0
1760445142.7897854,mouse,move,,755.0,417.0
1760445142.8044348,mouse,move,,755.0,417.0
1760445142.8094633,mouse,move,,754.0,417.0
1760445142.8131008,mouse,move,,751.0,417.0
1760445142.817729,mouse,move,,746.0,417.0
1760445142.820742,mouse,move,,739.0,416.0
1760445142.8249598,mouse,move,,729.0,415.0
1760445142.8297286,mouse,move,,716.0,414.0
1760445142.8333638,mouse,move,,699.0,411.0
1760445142.8373775,mouse,move,,678.0,408.0
1760445142.8410175,mouse,move,,653.0,406.0
1760445142.845237,mouse,move,,624.0,403.0
1760445142.849868,mouse,move,,592.0,399.0
1760445142.8538775,mouse,move,,557.0,397.0
1760445142.857486,mouse,move,,522.0,395.0
1760445142.861148,mouse,move,,487.0,393.0
1760445142.8651614,mouse,move,,456.0,391.0
1760445142.869685,mouse,move,,425.0,389.0
1760445142.873327,mouse,move,,393.0,387.0
1760445142.8774095,mouse,move,,365.0,386.0
1760445142.8817718,mouse,move,,340.0,384.0
1760445142.8850765,mouse,move,,316.0,384.0
1760445142.889456,mouse,move,,298.0,383.0
1760445142.893455,mouse,move,,280.0,381.0
1760445142.897769,mouse,move,,259.0,381.0
1760445142.9012923,mouse,move,,243.0,380.0
1760445142.9054782,mouse,move,,226.0,378.0
1760445142.908473,mouse,move,,213.0,377.0
1760445142.9131002,mouse,move,,203.0,377.0
1760445142.9172978,mouse,move,,197.0,377.0
1760445142.9210153,mouse,move,,195.0,377.0
1760445142.925031,mouse,move,,192.0,377.0
1760445142.9297292,mouse,move,,188.0,376.0
1760445142.932948,mouse,move,,181.0,376.0
1760445142.9369435,mouse,move,,173.0,375.0
1760445142.941094,mouse,move,,167.0,374.0
1760445142.945729,mouse,move,,164.0,374.0
1760445142.9497285,mouse,move,,160.0,374.0
1760445142.9528432,mouse,move,,158.0,374.0
1760445142.9569569,mouse,move,,158.0,374.0
1760445143.009619,mouse,move,,158.0,374.0
1760445143.0137398,mouse,move,,157.0,374.0
1760445143.0169158,mouse,move,,157.0,376.0
1760445143.021662,mouse,move,,157.0,378.0
1760445143.0257943,mouse,move,,157.0,381.0
1760445143.0297627,mouse,move,,157.0,384.0
1760445143.0337796,mouse,move,,157.0,386.0
1760445143.0377288,mouse,move,,157.0,389.0
1760445143.0417275,mouse,move,,157.0,392.0
1760445143.044747,mouse,move,,157.0,395.0
1760445143.0493975,mouse,move,,157.0,399.0
1760445143.0530367,mouse,move,,157.0,403.0
1760445143.0576596,mouse,move,,157.0,408.0
1760445143.0617273,mouse,move,,158.0,414.0
1760445143.0657282,mouse,move,,159.0,419.0
1760445143.0697277,mouse,move,,160.0,423.0
1760445143.0735536,mouse,move,,162.0,429.0
1760445143.0775673,mouse,move,,163.0,436.0
1760445143.081212,mouse,move,,166.0,441.0
1760445143.0857353,mouse,move,,168.0,448.0
1760445143.0887287,mouse,move,,171.0,456.0
1760445143.0931332,mouse,move,,173.0,460.0
1760445143.0978127,mouse,move,,174.0,464.0
1760445143.1014557,mouse,move,,176.0,468.0
1760445143.1054697,mouse,move,,179.0,472.0
1760445143.1097286,mouse,move,,182.0,478.0
1760445143.1133094,mouse,move,,188.0,487.0
1760445143.1163104,mouse,move,,193.0,495.0
1760445143.1217241,mouse,move,,198.0,502.0
1760445143.1257274,mouse,move,,203.0,510.0
1760445143.1297276,mouse,move,,208.0,517.0
1760445143.1327386,mouse,move,,211.0,523.0
1760445143.137382,mouse,move,,216.0,530.0
1760445143.1410348,mouse,move,,221.0,538.0
1760445143.1456523,mouse,move,,226.0,546.0
1760445143.1497266,mouse,move,,232.0,552.0
1760445143.1537976,mouse,move,,237.0,559.0
1760445143.157995,mouse,move,,242.0,567.0
1760445143.1615832,mouse,move,,247.0,573.0
1760445143.165596,mouse,move,,252.0,579.0
1760445143.169924,mouse,move,,255.0,585.0
1760445143.17361,mouse,move,,260.0,589.0
1760445143.1766067,mouse,move,,263.0,593.0
1760445143.1813645,mouse,move,,265.0,598.0
1760445143.1857958,mouse,move,,268.0,600.0
1760445143.1895053,mouse,move,,270.0,605.0
1760445143.1935189,mouse,move,,272.0,607.0
1760445143.1974628,mouse,move,,274.0,609.0
1760445143.2014556,mouse,move,,275.0,612.0
1760445143.2054675,mouse,move,,276.0,615.0
1760445143.2093475,mouse,move,,278.0,616.0
1760445143.2129738,mouse,move,,278.0,618.0
1760445143.217728,mouse,move,,278.0,620.0
1760445143.221287,mouse,move,,279.0,620.0
1760445143.2255876,mouse,move,,279.0,622.0
1760445143.2297783,mouse,move,,279.0,624.0
1760445143.2333922,mouse,move,,280.0,624.0
1760445143.236913,mouse,move,,280.0,625.0
1760445143.2410612,mouse,move,,280.0,626.0
1760445143.2457075,mouse,move,,280.0,626.0
1760445143.2497277,mouse,move,,280.0,627.0
1760445143.253934,mouse,move,,280.0,628.0
1760445143.26148,mouse,move,,280.0,629.0
1760445143.2696366,mouse,move,,280.0,629.0
1760445143.2974486,mouse,move,,280.0,630.0
1760445143.3061714,mouse,move,,280.0,631.0
1760445143.3743758,mouse,left_press,,280.0,631.0
1760445143.441334,mouse,left_release,,280.0,631.0
1760445143.449426,mouse,move,,280.0,631.0
1760445143.4540963,mouse,move,,280.0,631.0
1760445143.4617884,mouse,move,,279.0,631.0
1760445143.4733253,mouse,move,,279.0,631.0
1760445143.4815443,mouse,move,,279.0,630.0
1760445143.4856415,mouse,move,,279.0,630.0
1760445143.4891658,mouse,move,,278.0,630.0
1760445143.4932206,mouse,move,,278.0,629.0
1760445143.5056236,mouse,move,,278.0,628.0
1760445143.509732,mouse,move,,278.0,627.0
1760445143.513354,mouse,move,,278.0,627.0
1760445143.5174866,mouse,move,,278.0,626.0
1760445143.5216367,mouse,move,,278.0,625.0
1760445143.5255675,mouse,move,,279.0,625.0
1760445143.529181,mouse,move,,280.0,624.0
1760445143.5331922,mouse,move,,281.0,624.0
1760445143.537859,mouse,move,,283.0,623.0
1760445143.5417283,mouse,move,,286.0,622.0
1760445143.5442908,mouse,move,,290.0,622.0
1760445143.5489535,mouse,move,,293.0,621.0
1760445143.553726,mouse,move,,297.0,621.0
1760445143.5577233,mouse,move,,302.0,621.0
1760445143.5609362,mouse,move,,307.0,621.0
1760445143.5655935,mouse,move,,314.0,621.0
1760445143.5689893,mouse,move,,322.0,621.0
1760445143.5735912,mouse,move,,331.0,621.0
1760445143.577605,mouse,move,,339.0,621.0
1760445143.5817256,mouse,move,,349.0,621.0
1760445143.5857258,mouse,move,,359.0,621.0
1760445143.58974,mouse,move,,369.0,621.0
1760445143.5935054,mouse,move,,381.0,621.0
1760445143.59722,mouse,move,,393.0,621.0
1760445143.6015286,mouse,move,,403.0,621.0
1760445143.6055267,mouse,move,,414.0,621.0
1760445143.609222,mouse,move,,426.0,621.0
1760445143.6137266,mouse,move,,438.0,621.0
1760445143.617056,mouse,move,,449.0,621.0
1760445143.6210496,mouse,move,,461.0,621.0
1760445143.6253808,mouse,move,,471.0,621.0
1760445143.629727,mouse,move,,481.0,621.0
1760445143.632906,mouse,move,,491.0,621.0
1760445143.6377223,mouse,move,,499.0,621.0
1760445143.6415806,mouse,move,,509.0,621.0
1760445143.6457143,mouse,move,,518.0,621.0
1760445143.6489236,mouse,move,,528.0,620.0
1760445143.653434,mouse,move,,537.0,619.0
1760445143.6575668,mouse,move,,544.0,617.0
1760445143.661477,mouse,move,,552.0,615.0
1760445143.6651216,mouse,move,,559.0,614.0
1760445143.669631,mouse,move,,567.0,613.0
1760445143.6737266,mouse,move,,574.0,611.0
1760445143.6770906,mouse,move,,579.0,610.0
1760445143.6812901,mouse,move,,584.0,609.0
1760445143.6858053,mouse,move,,588.0,609.0
1760445143.6889174,mouse,move,,591.0,608.0
1760445143.6935773,mouse,move,,594.0,607.0
1760445143.697809,mouse,move,,595.0,607.0
1760445143.7015839,mouse,move,,598.0,607.0
1760445143.7057269,mouse,move,,599.0,606.0
1760445143.709463,mouse,move,,600.0,605.0
1760445143.7173886,mouse,move,,601.0,605.0
1760445143.7255418,mouse,move,,602.0,605.0
1760445143.7299194,mouse,move,,602.0,604.0
1760445143.7377908,mouse,move,,602.0,604.0
1760445143.7420151,mouse,move,,602.0,602.0
1760445143.7447171,mouse,move,,602.0,601.0
1760445143.7493305,mouse,move,,601.0,599.0
1760445143.7530842,mouse,move,,599.0,596.0
1760445143.7570827,mouse,move,,596.0,593.0
1760445143.7612588,mouse,move,,593.0,589.0
1760445143.7653773,mouse,move,,589.0,584.0
1760445143.7694874,mouse,move,,584.0,581.0
1760445143.7735934,mouse,move,,578.0,576.0
1760445143.777591,mouse,move,,571.0,573.0
1760445143.7817245,mouse,move,,563.0,568.0
1760445143.7858253,mouse,move,,553.0,564.0
1760445143.789339,mouse,move,,541.0,558.0
1760445143.7933395,mouse,move,,529.0,554.0
1760445143.7973444,mouse,move,,513.0,550.0
1760445143.800341,mouse,move,,496.0,544.0
1760445143.8053749,mouse,move,,479.0,540.0
1760445143.8098338,mouse,move,,458.0,535.0
1760445143.812955,mouse,move,,434.0,531.0
1760445143.8175542,mouse,move,,412.0,527.0
1760445143.8208463,mouse,move,,386.0,522.0
1760445143.824971,mouse,move,,364.0,520.0
1760445143.8290944,mouse,move,,342.0,517.0
1760445143.8336205,mouse,move,,325.0,516.0
1760445143.8377252,mouse,move,,307.0,514.0
1760445143.8417246,mouse,move,,290.0,514.0
1760445143.8457224,mouse,move,,275.0,514.0
1760445143.8498197,mouse,move,,260.0,514.0
1760445143.8528202,mouse,move,,247.0,514.0
1760445143.8569758,mouse,move,,234.0,514.0
1760445143.8617227,mouse,move,,222.0,514.0
1760445143.8648906,mouse,move,,210.0,514.0
1760445143.8694103,mouse,move,,202.0,514.0
1760445143.8734245,mouse,move,,194.0,514.0
1760445143.877137,mouse,move,,187.0,515.0
1760445143.8812819,mouse,move,,181.0,516.0
1760445143.8857222,mouse,move,,178.0,517.0
1760445143.8892007,mouse,move,,176.0,519.0
1760445143.8938222,mouse,move,,174.0,520.0
1760445143.8970692,mouse,move,,173.0,522.0
1760445143.9014184,mouse,move,,172.0,525.0
1760445143.9055426,mouse,move,,171.0,528.0
1760445143.9098098,mouse,move,,171.0,530.0
1760445143.913059,mouse,move,,171.0,534.0
1760445143.9170582,mouse,move,,171.0,538.0
1760445143.9211998,mouse,move,,172.0,543.0
1760445143.9257257,mouse,move,,176.0,551.0
1760445143.9297245,mouse,move,,181.0,558.0
1760445143.9329815,mouse,move,,188.0,567.0
1760445143.9370897,mouse,move,,194.0,576.0
1760445143.9417243,mouse,move,,203.0,586.0
1760445143.9456944,mouse,move,,215.0,597.0
1760445143.9497085,mouse,move,,227.0,607.0
1760445143.9537055,mouse,move,,241.0,618.0
1760445143.9578474,mouse,move,,255.0,628.0
1760445143.961156,mouse,move,,274.0,639.0
1760445143.9657252,mouse,move,,298.0,653.0
1760445143.9697134,mouse,move,,326.0,667.0
1760445143.973725,mouse,move,,356.0,683.0
1760445143.9775102,mouse,move,,388.0,694.0
1760445143.9816988,mouse,move,,419.0,706.0
1760445143.984698,mouse,move,,454.0,718.0
1760445143.989309,mouse,move,,488.0,728.0
1760445143.9929526,mouse,move,,529.0,741.0
1760445143.9977252,mouse,move,,569.0,752.0
1760445144.0007606,mouse,move,,607.0,762.0
1760445144.0053742,mouse,move,,650.0,773.0
1760445144.009725,mouse,move,,691.0,784.0
1760445144.0131974,mouse,move,,731.0,792.0
1760445144.0173893,mouse,move,,770.0,799.0
1760445144.0216398,mouse,move,,809.0,805.0
1760445144.0250545,mouse,move,,848.0,809.0
1760445144.0296433,mouse,move,,890.0,811.0
1760445144.0335073,mouse,move,,935.0,815.0
1760445144.0378788,mouse,move,,980.0,817.0
1760445144.04099,mouse,move,,1021.0,819.0
1760445144.045494,mouse,move,,1059.0,821.0
1760445144.0496206,mouse,move,,1093.0,821.0
1760445144.0537803,mouse,move,,1127.0,821.0
1760445144.0577252,mouse,move,,1155.0,821.0
1760445144.0612452,mouse,move,,1182.0,821.0
1760445144.0653806,mouse,move,,1206.0,821.0
1760445144.0697238,mouse,move,,1228.0,821.0
1760445144.0738966,mouse,move,,1244.0,820.0
1760445144.0774066,mouse,move,,1261.0,818.0
1760445144.0818033,mouse,move,,1274.0,815.0
1760445144.0849771,mouse,move,,1286.0,813.0
1760445144.0891385,mouse,move,,1298.0,811.0
1760445144.0931416,mouse,move,,1307.0,809.0
1760445144.0973034,mouse,move,,1316.0,806.0
1760445144.1010516,mouse,move,,1323.0,804.0
1760445144.105574,mouse,move,,1329.0,802.0
1760445144.1090834,mouse,move,,1333.0,800.0
1760445144.1132534,mouse,move,,1335.0,799.0
1760445144.1177256,mouse,move,,1337.0,797.0
1760445144.1210306,mouse,move,,1339.0,796.0
1760445144.1250327,mouse,move,,1340.0,794.0
1760445144.129212,mouse,move,,1340.0,794.0
1760445144.1337264,mouse,move,,1340.0,793.0
1760445144.1377237,mouse,move,,1340.0,792.0
1760445144.1411605,mouse,move,,1340.0,791.0
1760445144.1454806,mouse,move,,1340.0,789.0
1760445144.1497457,mouse,move,,1340.0,788.0
1760445144.1529045,mouse,move,,1340.0,785.0
1760445144.1569042,mouse,move,,1340.0,783.0
1760445144.1610372,mouse,move,,1338.0,780.0
1760445144.165834,mouse,move,,1335.0,778.0
1760445144.1691663,mouse,move,,1333.0,775.0
1760445144.1737368,mouse,move,,1330.0,771.0
1760445144.1775868,mouse,move,,1326.0,767.0
1760445144.1817253,mouse,move,,1321.0,763.0
1760445144.1857245,mouse,move,,1315.0,758.0
1760445144.1889348,mouse,move,,1308.0,753.0
1760445144.1929634,mouse,move,,1298.0,747.0
1760445144.1970167,mouse,move,,1291.0,741.0
1760445144.201124,mouse,move,,1280.0,736.0
1760445144.2057252,mouse,move,,1270.0,729.0
1760445144.2088773,mouse,move,,1256.0,724.0
1760445144.2135108,mouse,move,,1242.0,717.0
1760445144.2177238,mouse,move,,1224.0,710.0
1760445144.2217212,mouse,move,,1206.0,702.0
1760445144.2252316,mouse,move,,1188.0,696.0
1760445144.2288873,mouse,move,,1163.0,687.0
1760445144.2335033,mouse,move,,1143.0,681.0
1760445144.2365024,mouse,move,,1127.0,677.0
1760445144.2415526,mouse,move,,1115.0,674.0
1760445144.2457242,mouse,move,,1105.0,671.0
1760445144.2494783,mouse,move,,1090.0,670.0
1760445144.252477,mouse,move,,1071.0,666.0
1760445144.257135,mouse,move,,1037.0,658.0
1760445144.261783,mouse,move,,994.0,647.0
1760445144.2656374,mouse,move,,950.0,638.0
1760445144.269648,mouse,move,,904.0,629.0
1760445144.2737246,mouse,move,,858.0,620.0
1760445144.2772288,mouse,move,,812.0,614.0
1760445144.281242,mouse,move,,765.0,605.0
1760445144.2853463,mouse,move,,723.0,599.0
1760445144.2895434,mouse,move,,676.0,590.0
1760445144.2936146,mouse,move,,634.0,583.0
1760445144.2971306,mouse,move,,594.0,577.0
1760445144.3011427,mouse,move,,555.0,571.0
1760445144.305791,mouse,move,,519.0,567.0
1760445144.3093123,mouse,move,,483.0,561.0
1760445144.3138306,mouse,move,,448.0,557.0
1760445144.3169491,mouse,move,,416.0,553.0
1760445144.3215544,mouse,move,,380.0,549.0
1760445144.325724,mouse,move,,351.0,546.0
1760445144.3297307,mouse,move,,326.0,544.0
1760445144.333862,mouse,move,,305.0,543.0
1760445144.3378973,mouse,move,,286.0,540.0
1760445144.3410807,mouse,move,,267.0,538.0
1760445144.3457763,mouse,move,,251.0,535.0
1760445144.34912,mouse,move,,234.0,533.0
1760445144.3529685,mouse,move,,219.0,531.0
1760445144.3575118,mouse,move,,206.0,530.0
1760445144.3618705,mouse,move,,194.0,529.0
1760445144.3649793,mouse,move,,183.0,526.0
1760445144.3690903,mouse,move,,173.0,525.0
1760445144.3732235,mouse,move,,165.0,524.0
1760445144.377724,mouse,move,,158.0,522.0
1760445144.3809786,mouse,move,,152.0,522.0
1760445144.3854647,mouse,move,,150.0,521.0
1760445144.389724,mouse,move,,148.0,521.0
1760445144.39338,mouse,move,,146.0,521.0
1760445144.4013665,mouse,move,,146.0,521.0
1760445144.4339328,mouse,move,,146.0,521.0
1760445144.4375987,mouse,move,,146.0,521.0
1760445144.4415987,mouse,move,,148.0,521.0
1760445144.445752,mouse,move,,151.0,521.0
1760445144.4497244,mouse,move,,156.0,521.0
1760445144.4537206,mouse,move,,163.0,522.0
1760445144.4569402,mouse,move,,172.0,524.0
1760445144.4617198,mouse,move,,182.0,527.0
1760445144.4655163,mouse,move,,194.0,531.0
1760445144.4688387,mouse,move,,210.0,535.0
1760445144.47312,mouse,move,,227.0,539.0
1760445144.4777207,mouse,move,,246.0,545.0
1760445144.4814305,mouse,move,,273.0,553.0
1760445144.4855926,mouse,move,,300.0,560.0
1760445144.48959,mouse,move,,331.0,567.0
1760445144.4937263,mouse,move,,365.0,577.0
1760445144.4974148,mouse,move,,398.0,585.0
1760445144.5017233,mouse,move,,435.0,593.0
1760445144.5058632,mouse,move,,472.0,602.0
1760445144.509742,mouse,move,,512.0,610.0
1760445144.5133767,mouse,move,,552.0,621.0
1760445144.5168166,mouse,move,,599.0,630.0
1760445144.5209098,mouse,move,,645.0,641.0
1760445144.525069,mouse,move,,692.0,650.0
1760445144.5296402,mouse,move,,738.0,658.0
1760445144.5337234,mouse,move,,784.0,665.0
1760445144.5374765,mouse,move,,827.0,674.0
1760445144.5417237,mouse,move,,873.0,680.0
1760445144.545113,mouse,move,,920.0,689.0
1760445144.5492923,mouse,move,,962.0,695.0
1760445144.5532916,mouse,move,,1005.0,702.0
1760445144.557792,mouse,move,,1045.0,710.0
1760445144.561723,mouse,move,,1084.0,716.0
1760445144.5657225,mouse,move,,1120.0,720.0
1760445144.5697017,mouse,move,,1153.0,726.0
1760445144.5737076,mouse,move,,1181.0,730.0
1760445144.577858,mouse,move,,1204.0,733.0
1760445144.5809803,mouse,move,,1221.0,736.0
1760445144.5854938,mouse,move,,1239.0,739.0
1760445144.589508,mouse,move,,1254.0,740.0
1760445144.5936594,mouse,move,,1270.0,743.0
1760445144.5977237,mouse,move,,1283.0,744.0
1760445144.6016905,mouse,move,,1295.0,745.0
1760445144.6047025,mouse,move,,1303.0,747.0
1760445144.6093082,mouse,move,,1311.0,749.0
1760445144.612962,mouse,move,,1316.0,751.0
1760445144.6169636,mouse,move,,1320.0,752.0
1760445144.6208093,mouse,move,,1323.0,753.0
1760445144.6257236,mouse,move,,1324.0,754.0
1760445144.6295297,mouse,move,,1324.0,755.0
1760445144.6734462,mouse,move,,1324.0,755.0
1760445144.6819625,mouse,move,,1324.0,756.0
1760445144.6844656,mouse,move,,1324.0,757.0
1760445144.6897893,mouse,move,,1324.0,757.0
1760445144.6931229,mouse,move,,1321.0,757.0
1760445144.6973836,mouse,move,,1319.0,758.0
1760445144.7018237,mouse,move,,1316.0,759.0
1760445144.7058997,mouse,move,,1313.0,759.0
1760445144.709388,mouse,move,,1308.0,759.0
1760445144.7134259,mouse,move,,1305.0,759.0
1760445144.7175436,mouse,move,,1300.0,759.0
1760445144.7212481,mouse,move,,1296.0,759.0
1760445144.7253706,mouse,move,,1291.0,759.0
1760445144.7295227,mouse,move,,1286.0,759.0
1760445144.7335765,mouse,move,,1281.0,759.0
1760445144.737095,mouse,move,,1277.0,759.0
1760445144.7417872,mouse,move,,1273.0,759.0
1760445144.744918,mouse,move,,1270.0,759.0
1760445144.7497232,mouse,move,,1265.0,758.0
1760445144.7532105,mouse,move,,1260.0,756.0
1760445144.7577314,mouse,move,,1251.0,754.0
1760445144.76073,mouse,move,,1242.0,751.0
1760445144.7653353,mouse,move,,1233.0,749.0
1760445144.7697222,mouse,move,,1223.0,746.0
1760445144.7738686,mouse,move,,1214.0,742.0
1760445144.7768745,mouse,move,,1205.0,740.0
1760445144.7813945,mouse,move,,1195.0,736.0
1760445144.7849174,mouse,move,,1186.0,733.0
1760445144.789427,mouse,move,,1177.0,729.0
1760445144.7937222,mouse,move,,1166.0,725.0
1760445144.797352,mouse,move,,1158.0,722.0
1760445144.801052,mouse,move,,1149.0,718.0
1760445144.8050468,mouse,move,,1138.0,715.0
1760445144.809202,mouse,move,,1128.0,711.0
1760445144.8137233,mouse,move,,1117.0,707.0
1760445144.817722,mouse,move,,1107.0,705.0
1760445144.8212445,mouse,move,,1095.0,701.0
1760445144.825401,mouse,move,,1084.0,697.0
1760445144.825401,mouse,right_press,,1084.0,697.0
1760445144.829513,mouse,move,,1074.0,694.0
1760445144.8330286,mouse,move,,1064.0,692.0
1760445144.8370519,mouse,move,,1055.0,689.0
1760445144.8415313,mouse,move,,1046.0,685.0
1760445144.8456748,mouse,move,,1037.0,684.0
1760445144.8491924,mouse,move,,1032.0,683.0
1760445144.854027,mouse,move,,1026.0,681.0
1760445144.8570383,mouse,move,,1021.0,680.0
1760445144.8616383,mouse,move,,1017.0,680.0
1760445144.8657322,mouse,move,,1014.0,679.0
1760445144.8698192,mouse,move,,1010.0,678.0
1760445144.8738244,mouse,move,,1008.0,678.0
1760445144.877723,mouse,move,,1005.0,677.0
1760445144.8813055,mouse,move,,1002.0,676.0
1760445144.8854306,mouse,move,,1000.0,676.0
1760445144.8894255,mouse,move,,997.0,675.0
1760445144.893722,mouse,move,,993.0,675.0
1760445144.896985,mouse,move,,991.0,674.0
1760445144.9017234,mouse,move,,989.0,674.0
1760445144.9053023,mouse,move,,987.0,674.0
1760445144.909722,mouse,move,,985.0,673.0
1760445144.913874,mouse,move,,983.0,673.0
1760445144.9170907,mouse,move,,981.0,673.0
1760445144.9217217,mouse,move,,980.0,673.0
1760445144.92547,mouse,move,,979.0,672.0
1760445144.9296443,mouse,move,,978.0,672.0
1760445144.9334614,mouse,right_release,,978.0,672.0
1760445144.941824,mouse,move,,977.0,672.0
1760445145.0413578,mouse,move,,977.0,672.0
1760445145.0458705,mouse,move,,977.0,672.0
1760445145.049006,mouse,move,,977.0,673.0
1760445145.0533814,mouse,move,,977.0,673.0
1760445145.0575392,mouse,move,,977.0,674.0
1760445145.0615408,mouse,move,,978.0,676.0
1760445145.065635,mouse,move,,981.0,678.0
1760445145.069715,mouse,move,,984.0,681.0
1760445145.0732243,mouse,move,,987.0,683.0
1760445145.0777168,mouse,move,,991.0,686.0
1760445145.0817215,mouse,move,,995.0,688.0
1760445145.085758,mouse,move,,999.0,691.0
1760445145.0888689,mouse,move,,1005.0,695.0
1760445145.0928674,mouse,move,,1012.0,698.0
1760445145.096997,mouse,move,,1020.0,702.0
1760445145.1011038,mouse,move,,1029.0,706.0
1760445145.1051753,mouse,move,,1037.0,708.0
1760445145.1092885,mouse,move,,1045.0,711.0
1760445145.113821,mouse,move,,1055.0,713.0
1760445145.1169357,mouse,move,,1064.0,715.0
1760445145.121051,mouse,move,,1075.0,716.0
1760445145.1251957,mouse,move,,1087.0,716.0
1760445145.129191,mouse,move,,1099.0,716.0
1760445145.1333039,mouse,move,,1112.0,716.0
1760445145.1377664,mouse,move,,1127.0,716.0
1760445145.1408744,mouse,move,,1140.0,716.0
1760445145.1457188,mouse,move,,1155.0,713.0
1760445145.149459,mouse,move,,1172.0,709.0
1760445145.1531005,mouse,move,,1188.0,703.0
1760445145.157728,mouse,move,,1203.0,697.0
1760445145.1613073,mouse,move,,1219.0,689.0
1760445145.1654303,mouse,move,,1233.0,680.0
1760445145.1697106,mouse,move,,1247.0,671.0
1760445145.1731284,mouse,move,,1260.0,659.0
1760445145.177637,mouse,move,,1271.0,645.0
1760445145.1798537,mouse,move,,1283.0,630.0
1760445145.1854675,mouse,move,,1292.0,614.0
1760445145.187466,mouse,move,,1301.0,595.0
1760445145.1934786,mouse,move,,1308.0,574.0
1760445145.1954875,mouse,move,,1312.0,557.0
1760445145.201722,mouse,move,,1313.0,539.0
1760445145.2037337,mouse,move,,1315.0,521.0
1760445145.207721,mouse,move,,1314.0,502.0
1760445145.2137206,mouse,move,,1313.0,486.0
1760445145.215738,mouse,move,,1307.0,468.0
1760445145.2209623,mouse,move,,1303.0,452.0
1760445145.223152,mouse,move,,1296.0,436.0
1760445145.2272615,mouse,move,,1289.0,421.0
1760445145.231617,mouse,move,,1279.0,404.0
1760445145.2356188,mouse,move,,1269.0,390.0
1760445145.238965,mouse,move,,1259.0,376.0
1760445145.2437217,mouse,move,,1248.0,365.0
1760445145.2477217,mouse,move,,1237.0,353.0
1760445145.251719,mouse,move,,1224.0,343.0
1760445145.255864,mouse,move,,1212.0,333.0
1760445145.2593288,mouse,move,,1198.0,326.0
1760445145.2633376,mouse,move,,1184.0,318.0
1760445145.2674441,mouse,move,,1170.0,312.0
1760445145.2711287,mouse,move,,1156.0,307.0
1760445145.2757215,mouse,move,,1143.0,301.0
1760445145.2787426,mouse,move,,1129.0,297.0
1760445145.2834537,mouse,move,,1117.0,295.0
1760445145.2879055,mouse,move,,1103.0,292.0
1760445145.2909398,mouse,move,,1090.0,291.0
1760445145.2956412,mouse,move,,1078.0,288.0
1760445145.2992454,mouse,move,,1066.0,287.0
1760445145.3033347,mouse,move,,1054.0,285.0
1760445145.3077202,mouse,move,,1043.0,285.0
1760445145.3108037,mouse,move,,1031.0,284.0
1760445145.314976,mouse,move,,1019.0,284.0
1760445145.3189864,mouse,move,,1008.0,284.0
1760445145.3235078,mouse,move,,996.0,284.0
1760445145.3277209,mouse,move,,984.0,284.0
1760445145.3309336,mouse,move,,973.0,284.0
1760445145.3351908,mouse,move,,962.0,284.0
1760445145.339439,mouse,move,,951.0,286.0
1760445145.343721,mouse,move,,940.0,287.0
1760445145.347446,mouse,move,,930.0,291.0
1760445145.3514493,mouse,move,,918.0,293.0
1760445145.3555424,mouse,move,,907.0,297.0
1760445145.3591576,mouse,move,,897.0,301.0
1760445145.3637211,mouse,move,,886.0,307.0
1760445145.3667305,mouse,move,,876.0,312.0
1760445145.3713827,mouse,move,,865.0,317.0
1760445145.3750315,mouse,move,,854.0,324.0
1760445145.3796325,mouse,move,,844.0,331.0
1760445145.3836434,mouse,move,,834.0,337.0
1760445145.3873708,mouse,move,,825.0,344.0
1760445145.3917208,mouse,move,,818.0,350.0
1760445145.3945894,mouse,move,,810.0,357.0
1760445145.3995318,mouse,move,,801.0,365.0
1760445145.4031868,mouse,move,,793.0,371.0
1760445145.4077544,mouse,move,,785.0,377.0
1760445145.410907,mouse,move,,779.0,385.0
1760445145.4150999,mouse,move,,771.0,391.0
1760445145.4197206,mouse,move,,765.0,398.0
1760445145.4237306,mouse,move,,759.0,405.0
1760445145.4268901,mouse,move,,753.0,411.0
1760445145.431249,mouse,move,,748.0,416.0
1760445145.435717,mouse,move,,743.0,422.0
1760445145.4398406,mouse,move,,739.0,426.0
1760445145.443926,mouse,move,,734.0,430.0
1760445145.4477208,mouse,move,,731.0,434.0
1760445145.4517202,mouse,move,,728.0,437.0
1760445145.4548836,mouse,move,,725.0,439.0
1760445145.4590583,mouse,move,,724.0,442.0
1760445145.4632301,mouse,move,,722.0,443.0
1760445145.4674158,mouse,move,,720.0,446.0
1760445145.4717171,mouse,move,,718.0,448.0
1760445145.475723,mouse,move,,716.0,450.0
1760445145.4798725,mouse,move,,716.0,451.0
1760445145.4829707,mouse,move,,715.0,452.0
1760445145.4875495,mouse,move,,714.0,454.0
1760445145.4905643,mouse,move,,713.0,454.0
1760445145.495224,mouse,move,,713.0,455.0
1760445145.4994624,mouse,move,,713.0,456.0
1760445145.5037208,mouse,move,,713.0,456.0
1760445145.507663,mouse,move,,712.0,457.0
1760445145.511771,mouse,move,,712.0,458.0
1760445145.5200205,mouse,move,,712.0,459.0
1760445145.5237896,mouse,move,,712.0,460.0
1760445145.5268066,mouse,move,,712.0,461.0
1760445145.5317168,mouse,move,,712.0,462.0
1760445145.5350008,mouse,move,,712.0,464.0
1760445145.539001,mouse,move,,712.0,465.0
1760445145.5426567,mouse,move,,712.0,466.0
1760445145.5472994,mouse,move,,712.0,468.0
1760445145.5514853,mouse,move,,712.0,469.0
1760445145.5548265,mouse,move,,712.0,471.0
1760445145.5589876,mouse,move,,712.0,473.0
1760445145.5630944,mouse,move,,712.0,475.0
1760445145.5672202,mouse,move,,713.0,477.0
1760445145.5717404,mouse,move,,714.0,479.0
1760445145.5758703,mouse,move,,714.0,481.0
1760445145.5799167,mouse,move,,715.0,484.0
1760445145.5831585,mouse,move,,717.0,487.0
1760445145.5878074,mouse,move,,718.0,490.0
1760445145.591807,mouse,move,,720.0,492.0
1760445145.5949361,mouse,move,,722.0,494.0
1760445145.5990615,mouse,move,,724.0,496.0
1760445145.6037202,mouse,move,,726.0,498.0
1760445145.6077158,mouse,move,,728.0,500.0
1760445145.6117194,mouse,move,,731.0,502.0
1760445145.6148999,mouse,move,,734.0,505.0
1760445145.6190267,mouse,move,,736.0,505.0
1760445145.6230223,mouse,move,,740.0,507.0
1760445145.6271408,mouse,move,,742.0,509.0
1760445145.6317189,mouse,move,,746.0,510.0
1760445145.6352017,mouse,move,,749.0,512.0
1760445145.6398244,mouse,move,,753.0,513.0
1760445145.643824,mouse,move,,758.0,514.0
1760445145.6469288,mouse,move,,761.0,515.0
1760445145.65172,mouse,move,,765.0,516.0
1760445145.6557193,mouse,move,,770.0,517.0
1760445145.6597192,mouse,move,,774.0,517.0
1760445145.663276,mouse,move,,778.0,518.0
1760445145.6677196,mouse,move,,783.0,519.0
1760445145.6716137,mouse,move,,787.0,519.0
1760445145.6757593,mouse,move,,792.0,519.0
1760445145.6788938,mouse,move,,796.0,519.0
1760445145.6830108,mouse,move,,801.0,519.0
1760445145.6870089,mouse,move,,806.0,519.0
1760445145.6917195,mouse,move,,810.0,519.0
1760445145.69572,mouse,move,,815.0,519.0
1760445145.699007,mouse,move,,818.0,519.0
1760445145.702983,mouse,move,,822.0,518.0
1760445145.7071214,mouse,move,,825.0,516.0
1760445145.7117198,mouse,move,,829.0,515.0
1760445145.715402,mouse,move,,833.0,514.0
1760445145.7188168,mouse,move,,836.0,512.0
1760445145.722992,mouse,move,,837.0,512.0
1760445145.727142,mouse,move,,840.0,510.0
1760445145.731394,mouse,move,,842.0,509.0
1760445145.7349017,mouse,move,,843.0,508.0
1760445145.7397194,mouse,move,,845.0,506.0
1760445145.7437193,mouse,move,,846.0,506.0
1760445145.7471514,mouse,move,,848.0,505.0
1760445145.7517192,mouse,move,,849.0,504.0
1760445145.754991,mouse,move,,850.0,503.0
1760445145.7596564,mouse,move,,850.0,503.0
1760445145.7638178,mouse,move,,851.0,502.0
1760445145.7709527,mouse,move,,851.0,502.0
1760445145.7757652,mouse,move,,851.0,501.0
1760445145.7829685,mouse,move,,851.0,500.0
1760445145.8116124,mouse,move,,851.0,500.0
1760445145.815687,mouse,move,,851.0,499.0
1760445145.8235602,mouse,move,,851.0,498.0
1760445145.8678718,mouse,move,,852.0,498.0
1760445145.8678718,mouse,left_press,,852.0,498.0
1760445145.8714006,mouse,move,,852.0,498.0
1760445145.9796104,mouse,left_release,,852.0,498.0
1760445146.0150764,mouse,move,,853.0,498.0
1760445146.023895,mouse,move,,854.0,498.0
1760445146.027911,mouse,move,,856.0,498.0
1760445146.0316753,mouse,move,,858.0,498.0
1760445146.0356743,mouse,move,,859.0,498.0
1760445146.0398457,mouse,move,,861.0,498.0
1760445146.0427394,mouse,move,,864.0,498.0
1760445146.0477815,mouse,move,,866.0,500.0
1760445146.0510314,mouse,move,,868.0,501.0
1760445146.0554504,mouse,move,,871.0,502.0
1760445146.058959,mouse,move,,873.0,504.0
1760445146.0629706,mouse,move,,874.0,505.0
1760445146.067123,mouse,move,,877.0,505.0
1760445146.0717216,mouse,move,,879.0,507.0
1760445146.075253,mouse,move,,881.0,508.0
1760445146.0797594,mouse,move,,882.0,509.0
1760445146.083794,mouse,move,,884.0,510.0
1760445146.0877192,mouse,move,,886.0,511.0
1760445146.090734,mouse,move,,887.0,512.0
1760445146.0949047,mouse,move,,889.0,512.0
1760445146.0995126,mouse,move,,891.0,512.0
1760445146.102975,mouse,move,,891.0,513.0
1760445146.1069767,mouse,move,,892.0,513.0
1760445146.1117184,mouse,move,,893.0,514.0
1760445146.1157753,mouse,move,,894.0,514.0
1760445146.12326,mouse,move,,894.0,514.0
1760445146.1596584,mouse,move,,895.0,515.0
1760445146.2677207,mouse,move,,896.0,515.0
1760445146.3563952,mouse,middle_press,,896.0,515.0
1760445146.3591523,mouse,scroll,"dx=0,dy=1",896.0,515.0
1760445146.383551,mouse,move,,896.0,516.0
1760445146.3952243,mouse,scroll,"dx=0,dy=1",896.0,516.0
